outcome,delta,theta_true,method,R,decision,rmse,bias
binary,-0.8,0.0,ps_power_prior,1000,0.257,0.44635060882704963,0.31841386403727545
binary,-0.8,0.0,ps_uip_c,1000,0.088,0.37889097348195033,0.017631909846073632
binary,-0.8,0.0,standard_uip,1000,0.524,0.5891480871414572,0.5029357273707754
binary,-0.8,0.5878,ps_power_prior,1000,0.932,0.5070244418274481,0.38989026283335876
binary,-0.8,0.5878,ps_uip_c,1000,0.585,0.4083701607727404,0.07885835932644979
binary,-0.8,0.5878,standard_uip,1000,0.986,0.6625911263146129,0.5846230338331233
binary,-0.6,0.0,ps_power_prior,1000,0.219,0.41241110181955176,0.26845166779448
binary,-0.6,0.0,ps_uip_c,1000,0.1,0.3808266342793152,0.04910784893617344
binary,-0.6,0.0,standard_uip,1000,0.401,0.5062679126120794,0.40181879153905603
binary,-0.6,0.5878,ps_power_prior,1000,0.897,0.4664876506535144,0.3294113202838777
binary,-0.6,0.5878,ps_uip_c,1000,0.626,0.4216300072620423,0.10901743072718198
binary,-0.6,0.5878,standard_uip,1000,0.962,0.567633769492661,0.46935732545020736
binary,-0.4,0.0,ps_power_prior,1000,0.154,0.36357949808666895,0.1788017832733271
binary,-0.4,0.0,ps_uip_c,1000,0.111,0.386072091917847,0.04663767124953975
binary,-0.4,0.0,standard_uip,1000,0.245,0.40614422562945346,0.266086067347504
binary,-0.4,0.5878,ps_power_prior,1000,0.86,0.40984316790934366,0.2559616966727119
binary,-0.4,0.5878,ps_uip_c,1000,0.693,0.40228427794392263,0.1286139396536368
binary,-0.4,0.5878,standard_uip,1000,0.931,0.4602786660710926,0.3408309262714024
binary,-0.2,0.0,ps_power_prior,1000,0.099,0.32076542179000617,0.09588201384039163
binary,-0.2,0.0,ps_uip_c,1000,0.105,0.3520304795109753,0.04475419625980788
binary,-0.2,0.0,standard_uip,1000,0.137,0.3256741819899483,0.13498139353490687
binary,-0.2,0.5878,ps_power_prior,1000,0.802,0.33908280885663333,0.15152102907559162
binary,-0.2,0.5878,ps_uip_c,1000,0.721,0.35768278614077964,0.1015043434695096
binary,-0.2,0.5878,standard_uip,1000,0.869,0.351201844409065,0.18899506890174028
binary,0.0,0.0,ps_power_prior,1000,0.058,0.3138817021720407,-0.013842279125792133
binary,0.0,0.0,ps_uip_c,1000,0.079,0.35800605873563407,-0.006994038221844887
binary,0.0,0.0,standard_uip,1000,0.062,0.3011256352352861,-0.017970306932331516
binary,0.0,0.5878,ps_power_prior,1000,0.668,0.30447686412004854,0.041179223511066225
binary,0.0,0.5878,ps_uip_c,1000,0.679,0.3340845551169473,0.03582413407275841
binary,0.0,0.5878,standard_uip,1000,0.719,0.29698775576442843,0.03797586310865939
binary,0.2,0.0,ps_power_prior,1000,0.021,0.33271737874787244,-0.13202712598916105
binary,0.2,0.0,ps_uip_c,1000,0.046,0.3621056264814835,-0.06448648341311172
binary,0.2,0.0,standard_uip,1000,0.018,0.3465573118133347,-0.17776082134709162
binary,0.2,0.5878,ps_power_prior,1000,0.533,0.30193473884807653,-0.06451534536248164
binary,0.2,0.5878,ps_uip_c,1000,0.607,0.3467706718899854,0.01023840003952729
binary,0.2,0.5878,standard_uip,1000,0.506,0.3079531710392388,-0.11104894999992886
binary,0.4,0.0,ps_power_prior,1000,0.005,0.39572872540154214,-0.2480181274705948
binary,0.4,0.0,ps_uip_c,1000,0.055,0.40776187613513787,-0.08387394294076043
binary,0.4,0.0,standard_uip,1000,0.0,0.44785436746015994,-0.33537546690032505
binary,0.4,0.5878,ps_power_prior,1000,0.348,0.3531563470047627,-0.20144996701171486
binary,0.4,0.5878,ps_uip_c,1000,0.527,0.37983391567887503,-0.0206872385047588
binary,0.4,0.5878,standard_uip,1000,0.27,0.4073811383315803,-0.2925069996514322
binary,0.6,0.0,ps_power_prior,1000,0.002,0.4493935533979254,-0.3379282725652314
binary,0.6,0.0,ps_uip_c,1000,0.055,0.3879046336575119,-0.038058060443179616
binary,0.6,0.0,standard_uip,1000,0.0,0.552175514270082,-0.4693537440044117
binary,0.6,0.5878,ps_power_prior,1000,0.26,0.41702749688719276,-0.29098283388487906
binary,0.6,0.5878,ps_uip_c,1000,0.541,0.3978482693687267,0.013839873295463203
binary,0.6,0.5878,standard_uip,1000,0.168,0.5134860132763672,-0.42298520120722005
binary,0.8,0.0,ps_power_prior,1000,0.0,0.5292074389052224,-0.43802574190248295
binary,0.8,0.0,ps_uip_c,1000,0.065,0.3843388336228788,-0.015075372867860223
binary,0.8,0.0,standard_uip,1000,0.0,0.6809238483164053,-0.6159625758577458
binary,0.8,0.5878,ps_power_prior,1000,0.179,0.47593389157458,-0.37863632210562437
binary,0.8,0.5878,ps_uip_c,1000,0.594,0.39140628418549733,0.05928641783999899
binary,0.8,0.5878,standard_uip,1000,0.064,0.6242828391544151,-0.5582985336848545
continuous,-0.8,0.0,ps_power_prior,1000,0.971,0.46127979168918853,0.4454810676598205
continuous,-0.8,0.0,ps_uip_c,1000,0.048,0.14325584363398372,0.001323980882700209
continuous,-0.8,0.0,standard_uip,1000,1.0,0.623437682424638,0.612292078033629
continuous,-0.8,0.4,ps_power_prior,1000,1.0,0.4569811650994448,0.44184214543436645
continuous,-0.8,0.4,ps_uip_c,1000,0.864,0.14023986556784662,-0.001549177885970765
continuous,-0.8,0.4,standard_uip,1000,1.0,0.6180382227176695,0.6073532916994546
continuous,-0.6,0.0,ps_power_prior,1000,0.844,0.348562342699851,0.32750871143294114
continuous,-0.6,0.0,ps_uip_c,1000,0.054,0.1476915314687886,0.0028259670145250196
continuous,-0.6,0.0,standard_uip,1000,0.984,0.46467651849929054,0.44993168004485223
continuous,-0.6,0.4,ps_power_prior,1000,1.0,0.35008842009641217,0.3304076944947691
continuous,-0.6,0.4,ps_uip_c,1000,0.872,0.1458218296423739,0.006501991734561738
continuous,-0.6,0.4,standard_uip,1000,1.0,0.46692195037587686,0.4528901917139166
continuous,-0.4,0.0,ps_power_prior,1000,0.537,0.24319178442790404,0.21374933898942905
continuous,-0.4,0.0,ps_uip_c,1000,0.064,0.14628260162201084,-0.0017267959850110878
continuous,-0.4,0.0,standard_uip,1000,0.809,0.3166572171036083,0.2956452782038809
continuous,-0.4,0.4,ps_power_prior,1000,1.0,0.24006640089300932,0.2090696835670024
continuous,-0.4,0.4,ps_uip_c,1000,0.867,0.14775277348743407,-0.0011990842778483966
continuous,-0.4,0.4,standard_uip,1000,1.0,0.3124679974843022,0.29053310250530745
continuous,-0.2,0.0,ps_power_prior,1000,0.194,0.15530967235465756,0.09895582961943251
continuous,-0.2,0.0,ps_uip_c,1000,0.094,0.1490299136854032,0.015860935701701058
continuous,-0.2,0.0,standard_uip,1000,0.341,0.18248299577156685,0.13872652522643153
continuous,-0.2,0.4,ps_power_prior,1000,0.991,0.15525879574500123,0.10599741410862978
continuous,-0.2,0.4,ps_uip_c,1000,0.894,0.15126484486518813,0.022908070570123718
continuous,-0.2,0.4,standard_uip,1000,1.0,0.18291656101076473,0.14638476852944254
continuous,0.0,0.0,ps_power_prior,1000,0.054,0.1192584758987044,0.0041879100830386545
continuous,0.0,0.0,ps_uip_c,1000,0.068,0.13556667867579886,0.00402456967993766
continuous,0.0,0.0,standard_uip,1000,0.056,0.11656519809478569,0.004326935759912418
continuous,0.0,0.4,ps_power_prior,1000,0.96,0.11691401489065942,0.008960066364428929
continuous,0.0,0.4,ps_uip_c,1000,0.941,0.13228804176361753,0.012513363840864721
continuous,0.0,0.4,standard_uip,1000,0.971,0.11450803545756366,0.007799395296713585
continuous,0.2,0.0,ps_power_prior,1000,0.005,0.15894667175903393,-0.10182699732926048
continuous,0.2,0.0,ps_uip_c,1000,0.045,0.15085630653751106,-0.01897006608754477
continuous,0.2,0.0,standard_uip,1000,0.005,0.18730059636899066,-0.14271019988788133
continuous,0.2,0.4,ps_power_prior,1000,0.77,0.16026704942178294,-0.1070292534561044
continuous,0.2,0.4,ps_uip_c,1000,0.883,0.1505746644219853,-0.026489833204995077
continuous,0.2,0.4,standard_uip,1000,0.7,0.18824325314409418,-0.14637806730044167
continuous,0.4,0.0,ps_power_prior,1000,0.002,0.24457507051833585,-0.2138980038075124
continuous,0.4,0.0,ps_uip_c,1000,0.044,0.14334131197549735,-0.001240904711907989
continuous,0.4,0.0,standard_uip,1000,0.0,0.31812222850657557,-0.2953423987920324
continuous,0.4,0.4,ps_power_prior,1000,0.44,0.24170631749053867,-0.21298928391247973
continuous,0.4,0.4,ps_uip_c,1000,0.869,0.14582189235262216,-0.001402864044206323
continuous,0.4,0.4,standard_uip,1000,0.219,0.31471018697325487,-0.29418110197042346
continuous,0.6,0.0,ps_power_prior,1000,0.0,0.34546295858685,-0.3247053982148003
continuous,0.6,0.0,ps_uip_c,1000,0.039,0.14139179717750358,0.0016028684748579925
continuous,0.6,0.0,standard_uip,1000,0.0,0.4603296747729532,-0.4454119277709548
continuous,0.6,0.4,ps_power_prior,1000,0.103,0.3460175219165946,-0.32686243019012534
continuous,0.6,0.4,ps_uip_c,1000,0.879,0.1377458178278867,-0.00041474427764456975
continuous,0.6,0.4,standard_uip,1000,0.012,0.4633200475659911,-0.44968972402501806
continuous,0.8,0.0,ps_power_prior,1000,0.0,0.46346856443929796,-0.4473638612040337
continuous,0.8,0.0,ps_uip_c,1000,0.046,0.14151553388254262,3.974895271617806e-05
continuous,0.8,0.0,standard_uip,1000,0.0,0.6263722078618611,-0.614980291660569
continuous,0.8,0.4,ps_power_prior,1000,0.015,0.46091638859747097,-0.44490309810537376
continuous,0.8,0.4,ps_uip_c,1000,0.867,0.14263339903396857,-4.727480665938089e-05
continuous,0.8,0.4,standard_uip,1000,0.0,0.6220899176330427,-0.6108316604121831
