outcome,scenario,theta_true,method,R,decision,decision_mcse,coverage,coverage_mcse,bias,rmse,mean_M,mean_rhat
binary,I,0.0,no_borrowing,1000,0.066,0.007851369307324678,0.929,0.008121514637061239,-0.001291191670479514,0.37579971552587327,0.0,
binary,I,0.0,ps_power_prior,1000,0.051,0.00695693898205238,0.941,0.007451107300260817,-0.00941131947261367,0.30728148272044703,100.0,
binary,I,0.0,ps_sam,1000,0.05,0.006892024376045111,0.942,0.007391616873188169,-0.009767791402680982,0.30575538483074466,195.77105880247277,
binary,I,0.0,ps_uip_c,1000,0.07,0.008068457101577725,0.914,0.008865889690267975,-0.004626249881482434,0.3437864491513816,139.94680444491462,
binary,I,0.0,ps_uip_psonly,1000,0.067,0.007906389820898032,0.918,0.008676174272108645,-0.006532752109530683,0.33223240598836634,154.38954950928246,
binary,I,0.0,standard_uip,1000,0.043,0.006414904519944158,0.935,0.0077958322198467015,-0.012958977685072825,0.29875434548648006,300.0,
binary,I,0.5878,no_borrowing,1000,0.559,0.015700923539715746,0.946,0.0071473071852271785,0.06196625039598616,0.3614330128967077,0.0,
binary,I,0.5878,ps_power_prior,1000,0.692,0.014599178059055244,0.946,0.0071473071852271785,0.048407717100680446,0.29431296730750284,100.0,
binary,I,0.5878,ps_sam,1000,0.734,0.013972973913952606,0.956,0.006485676526007139,0.04762701369587239,0.2898279628096243,196.83083760795535,
binary,I,0.5878,ps_uip_c,1000,0.679,0.0147634345597493,0.934,0.007851369307324675,0.054122884338999776,0.3237326014140762,142.6323249505771,
binary,I,0.5878,ps_uip_psonly,1000,0.69,0.014625320509308506,0.929,0.008121514637061239,0.052979153303306034,0.3127538058384821,157.42709075077383,
binary,I,0.5878,standard_uip,1000,0.743,0.013818502089589886,0.943,0.007331507348424336,0.04562945994395357,0.28867380580481744,300.0,
binary,R1,0.0,no_borrowing,1000,0.057,0.007331507348424334,0.933,0.007906389820898028,-0.006496319549110447,0.36620157861049724,0.0,
binary,R1,0.0,ps_power_prior,1000,0.093,0.009184280047995052,0.902,0.009401914698613255,0.02777323006500551,0.3450730601215447,80.00657167962225,
binary,R1,0.0,ps_sam,1000,0.08,0.008579044235810887,0.93,0.008068457101577721,0.014969438998087286,0.33942311517642254,64.11588488777578,
binary,R1,0.0,ps_uip_c,1000,0.072,0.008174105455644672,0.909,0.009094998625618366,-0.003829720091523896,0.3631518748517596,36.97688059056399,
binary,R1,0.0,ps_uip_psonly,1000,0.071,0.008121514637061242,0.919,0.008627803892068941,0.002744823376863729,0.3575590600328821,43.20023917400002,
binary,R1,0.0,standard_uip,1000,0.072,0.008174105455644672,0.931,0.008014923580421711,0.022040044067073664,0.3201487068986945,300.0,
binary,R1,0.5878,no_borrowing,1000,0.558,0.01570464899321217,0.936,0.007739767438366605,0.04363886883068757,0.3756741425746047,0.0,
binary,R1,0.5878,ps_power_prior,1000,0.709,0.014363808687113596,0.884,0.010126401137620413,0.09102005862026899,0.36164528899570053,80.46485711625506,
binary,R1,0.5878,ps_sam,1000,0.676,0.014799459449588015,0.924,0.008379976133617564,0.07703192047060568,0.34846382507833806,64.02141330436305,
binary,R1,0.5878,ps_uip_c,1000,0.616,0.015379986996093333,0.916,0.008771772910877251,0.04779689575961303,0.3694867262220311,36.402827597812866,
binary,R1,0.5878,ps_uip_psonly,1000,0.633,0.015241751867813621,0.906,0.009228434320078352,0.05503345070040119,0.3655832602103548,42.258817455201,
binary,R1,0.5878,standard_uip,1000,0.701,0.014477534320456644,0.92,0.008579044235810886,0.08577153899341673,0.3321257943125921,300.0,
binary,R2,0.0,no_borrowing,1000,0.05,0.006892024376045111,0.942,0.007391616873188169,-0.0029011465910054363,0.3637030925308473,0.0,
binary,R2,0.0,ps_power_prior,1000,0.073,0.008226238508577295,0.932,0.00796090447122687,0.027313090991368378,0.3305962391900506,76.97209668655408,
binary,R2,0.0,ps_sam,1000,0.052,0.007021111023192838,0.947,0.007084560677981384,0.017180611767775116,0.3225092903567974,63.85441219937561,
binary,R2,0.0,ps_uip_c,1000,0.065,0.007795832219846705,0.929,0.008121514637061239,-0.0008443360176587307,0.3542388719363858,38.60947935420447,
binary,R2,0.0,ps_uip_psonly,1000,0.066,0.007851369307324678,0.93,0.008068457101577721,0.005343684588172911,0.3477293939624336,43.77042574986476,
binary,R2,0.0,standard_uip,1000,0.06,0.007509993342207435,0.946,0.0071473071852271785,0.02787117499030521,0.3132586741151271,300.0,
binary,R2,0.5878,no_borrowing,1000,0.574,0.015637263187655313,0.938,0.00762600813007697,0.05388269680128408,0.36963144085658417,0.0,
binary,R2,0.5878,ps_power_prior,1000,0.694,0.014572714228996602,0.907,0.009184280047995052,0.08669637624992478,0.35550890373464356,76.14926226333846,
binary,R2,0.5878,ps_sam,1000,0.673,0.014834790190629592,0.927,0.008226238508577293,0.07482895883144905,0.34761203641161575,64.09241432871319,
binary,R2,0.5878,ps_uip_c,1000,0.64,0.015178932768808221,0.926,0.008277922444671728,0.06019287872019039,0.3610163340322017,40.22552598270658,
binary,R2,0.5878,ps_uip_psonly,1000,0.65,0.015083103128998356,0.914,0.008865889690267975,0.06334823764320167,0.35789783609118136,45.24704853263537,
binary,R2,0.5878,standard_uip,1000,0.701,0.014477534320456644,0.926,0.008277922444671728,0.08709026821936851,0.3338235038179249,300.0,
binary,S1,0.0,no_borrowing,1000,0.051,0.00695693898205238,0.944,0.007270763371201131,0.008072804530797489,0.36190340241550756,0.0,
binary,S1,0.0,ps_power_prior,1000,0.001,0.0009994998749374609,0.702,0.01446360950800318,-0.42831296257500034,0.5200249060908856,100.0,
binary,S1,0.0,ps_sam,1000,0.043,0.006414904519944158,0.828,0.011933817494833748,-0.15974376496349818,0.47773015166575583,81.82484687944245,
binary,S1,0.0,ps_uip_c,1000,0.053,0.00708456067798138,0.929,0.008121514637061239,-0.004944286622646185,0.3727053995158485,8.832810582965783,
binary,S1,0.0,ps_uip_psonly,1000,0.047,0.006692607862410586,0.901,0.009444522221901962,-0.06459500886685102,0.38773998080115607,40.29849405512043,
binary,S1,0.0,standard_uip,1000,0.0,0.0,0.423,0.015622771841129857,-0.6050820368149356,0.6704053259381555,300.0,
binary,S1,0.5878,no_borrowing,1000,0.573,0.015641962792437528,0.924,0.008379976133617564,0.06249466378260496,0.37319364080684236,0.0,
binary,S1,0.5878,ps_power_prior,1000,0.181,0.0121753439376471,0.754,0.013619251080731275,-0.37420386402725847,0.4708527044219851,100.0,
binary,S1,0.5878,ps_sam,1000,0.394,0.015451990163082553,0.832,0.011822690049223148,-0.10866176043782362,0.47328542002366536,84.85855899939583,
binary,S1,0.5878,ps_uip_c,1000,0.57,0.015655669899432602,0.914,0.008865889690267975,0.04726710489012664,0.38457452984855284,11.177714691268502,
binary,S1,0.5878,ps_uip_psonly,1000,0.527,0.01578831846651188,0.884,0.010126401137620413,-0.01385073154576297,0.3907607060226666,41.78246204119418,
binary,S1,0.5878,standard_uip,1000,0.067,0.007906389820898032,0.485,0.01580427157448264,-0.548025487841824,0.6134261786520737,300.0,
binary,S2,0.0,no_borrowing,1000,0.057,0.007331507348424334,0.932,0.00796090447122687,-0.006240917878386141,0.3798945436896523,0.0,
binary,S2,0.0,ps_power_prior,1000,0.111,0.00993373041711924,0.918,0.008676174272108645,0.10974278659737667,0.3919000430690136,28.189435226007955,
binary,S2,0.0,ps_sam,1000,0.072,0.008174105455644672,0.94,0.007509993342207438,0.03169023655074099,0.37723750310044213,9.07171057439315,
binary,S2,0.0,ps_uip_c,1000,0.061,0.0075682891065286355,0.927,0.008226238508577293,0.0011379839925930195,0.3790901984098067,3.978860970615461,
binary,S2,0.0,ps_uip_psonly,1000,0.062,0.007626008130076967,0.933,0.007906389820898028,0.0038240046309908314,0.3796160088750762,4.704943369563069,
binary,S2,0.0,standard_uip,1000,0.167,0.01179453263168999,0.888,0.00997276290703835,0.20409314373578766,0.41217323988998683,300.0,
binary,S2,0.5878,no_borrowing,1000,0.567,0.015668790636165896,0.933,0.007906389820898028,0.04348980583138676,0.36781528814199216,0.0,
binary,S2,0.5878,ps_power_prior,1000,0.694,0.014572714228996602,0.911,0.009004387819280108,0.15203909560354303,0.4041582862798251,27.942362897308275,
binary,S2,0.5878,ps_sam,1000,0.605,0.015458816254810716,0.939,0.007568289106528638,0.07922135622660353,0.37327487215300353,9.254685928753434,
binary,S2,0.5878,ps_uip_c,1000,0.582,0.015597307459943206,0.934,0.007851369307324675,0.05021754289430341,0.36828557569329656,3.918537936992472,
binary,S2,0.5878,ps_uip_psonly,1000,0.579,0.015612783224012303,0.935,0.0077958322198467015,0.05203778606461707,0.36946294131737895,4.627086694237064,
binary,S2,0.5878,standard_uip,1000,0.796,0.012742998077375669,0.88,0.010276186062932104,0.2524395871177912,0.4334952077167722,300.0,
binary,S3,0.0,no_borrowing,1000,0.061,0.0075682891065286355,0.931,0.008014923580421711,-0.025889447253642964,0.3863856008128704,0.0,
binary,S3,0.0,ps_power_prior,1000,0.253,0.013747399754135324,0.822,0.012096115078817663,0.28980008404490054,0.4380515578298177,100.0,
binary,S3,0.0,ps_sam,1000,0.207,0.012812142677944232,0.821,0.012122664723566351,0.1525760856543973,0.47630209635111403,106.93505683623391,
binary,S3,0.0,ps_uip_c,1000,0.094,0.009228434320078352,0.908,0.009139803061335619,-0.005814352593771545,0.3985469125686421,21.06950215170881,
binary,S3,0.0,ps_uip_psonly,1000,0.115,0.010088359628799918,0.884,0.010126401137620413,0.04415767973631556,0.4069686480191594,49.12606674734512,
binary,S3,0.0,standard_uip,1000,0.464,0.015770351930125086,0.627,0.015292841462592882,0.46683438850398806,0.5645110916990566,300.0,
binary,S3,0.5878,no_borrowing,1000,0.594,0.015529455882290275,0.935,0.0077958322198467015,0.07007088717818345,0.3793956564743434,0.0,
binary,S3,0.5878,ps_power_prior,1000,0.929,0.008121514637061239,0.77,0.013307892395116514,0.3887875491065835,0.5037495057890451,100.0,
binary,S3,0.5878,ps_sam,1000,0.72,0.014198591479439079,0.797,0.012719709116170855,0.2676337401104986,0.5131463383280802,111.63521175915763,
binary,S3,0.5878,ps_uip_c,1000,0.618,0.01536476488593301,0.893,0.009775019181566856,0.09663578733746303,0.40151548263337505,23.280175233445988,
binary,S3,0.5878,ps_uip_psonly,1000,0.683,0.014714312760030622,0.864,0.010839926199010766,0.14887625677602023,0.4197318273284151,51.45521683950536,
binary,S3,0.5878,standard_uip,1000,0.989,0.0032983329122452166,0.52,0.0157987341265052,0.570178064139147,0.6464743769946176,300.0,
continuous,I,0.0,no_borrowing,1000,0.058,0.007391616873188166,0.935,0.0077958322198467015,-0.004493725520243007,0.1494657682979439,0.0,
continuous,I,0.0,ps_power_prior,1000,0.048,0.006759881655768835,0.953,0.00669260786241059,-0.0028770089804649873,0.1217095756233889,100.0,
continuous,I,0.0,ps_sam,1000,0.054,0.007147307185227175,0.941,0.007451107300260817,-0.002401046671929764,0.11948780689593175,197.58099825505678,
continuous,I,0.0,ps_uip_c,1000,0.065,0.007795832219846705,0.917,0.008724161850859943,-0.0033843867602457276,0.13541554921566262,144.60162789910288,
continuous,I,0.0,ps_uip_psonly,1000,0.062,0.007626008130076967,0.918,0.008676174272108645,-0.003114104369285355,0.13094427604078618,159.31515331395568,
continuous,I,0.0,standard_uip,1000,0.053,0.00708456067798138,0.932,0.00796090447122687,-0.0024889250302211263,0.11808992225633376,300.0,
continuous,I,0.4,no_borrowing,1000,0.866,0.010772372069326236,0.941,0.007451107300260817,0.0009079438954184393,0.1450347471524455,0.0,
continuous,I,0.4,ps_power_prior,1000,0.944,0.007270763371201131,0.956,0.006485676526007139,-0.00020560479193448166,0.1197957965864576,100.0,
continuous,I,0.4,ps_sam,1000,0.956,0.006485676526007139,0.953,0.00669260786241059,0.00015219758290555064,0.11865090353155715,197.4584606165219,
continuous,I,0.4,ps_uip_c,1000,0.93,0.008068457101577721,0.928,0.00817410545564467,0.002720409508488194,0.1318446135371832,145.0626309664643,
continuous,I,0.4,ps_uip_psonly,1000,0.941,0.007451107300260817,0.928,0.00817410545564467,0.002753970834090593,0.12773794989659018,158.583485967128,
continuous,I,0.4,standard_uip,1000,0.963,0.005969170796685251,0.947,0.007084560677981384,-0.0004779407237662956,0.11729688325717515,300.0,
continuous,R1,0.0,no_borrowing,1000,0.048,0.006759881655768835,0.943,0.007331507348424336,-0.005455037761476248,0.14428806295281346,0.0,
continuous,R1,0.0,ps_power_prior,1000,0.12,0.010276186062932104,0.894,0.009734680272099335,0.03106550875207944,0.1489706504466187,80.33368671983833,
continuous,R1,0.0,ps_sam,1000,0.081,0.008627803892068943,0.934,0.007851369307324675,0.017369877733898816,0.13744232771889187,64.50313023639266,
continuous,R1,0.0,ps_uip_c,1000,0.063,0.007683163410991596,0.94,0.007509993342207438,-0.003019448505218718,0.1412914380401091,34.925340991908726,
continuous,R1,0.0,ps_uip_psonly,1000,0.065,0.007795832219846705,0.934,0.007851369307324675,0.00032763742592128287,0.13885997144517578,44.01070596894276,
continuous,R1,0.0,standard_uip,1000,0.127,0.010529529904036551,0.913,0.008912407082264588,0.06006380993121765,0.1398026588940544,300.0,
continuous,R1,0.4,no_borrowing,1000,0.87,0.010634848376916336,0.953,0.00669260786241059,0.0029463698913078213,0.14312813810240493,0.0,
continuous,R1,0.4,ps_power_prior,1000,0.939,0.007568289106528638,0.878,0.010349685985574635,0.03027600927516698,0.15541487705046328,79.74297050872809,
continuous,R1,0.4,ps_sam,1000,0.936,0.007739767438366605,0.92,0.008579044235810886,0.019791601597191885,0.13958211570240672,65.35954124576911,
continuous,R1,0.4,ps_uip_c,1000,0.907,0.009184280047995052,0.928,0.00817410545564467,0.004615107918028708,0.1407738825337835,34.58504644033462,
continuous,R1,0.4,ps_uip_psonly,1000,0.924,0.008379976133617564,0.928,0.00817410545564467,0.005943307455069398,0.13912320881110413,43.554156087299035,
continuous,R1,0.4,standard_uip,1000,0.98,0.0044271887242357325,0.919,0.008627803892068941,0.06270868451747774,0.1421093156738604,300.0,
continuous,R2,0.0,no_borrowing,1000,0.067,0.007906389820898032,0.944,0.007270763371201131,0.009547989165418314,0.14814217289194329,0.0,
continuous,R2,0.0,ps_power_prior,1000,0.141,0.011005407761641547,0.867,0.010738295954200556,0.032797456479814434,0.15633048248208944,76.53730924717622,
continuous,R2,0.0,ps_sam,1000,0.089,0.00900438781928011,0.92,0.008579044235810886,0.02177196721472318,0.13839671119647426,64.63838071546174,
continuous,R2,0.0,ps_uip_c,1000,0.082,0.008676174272108648,0.919,0.008627803892068941,0.008627999607161221,0.14334309117923688,38.64960066726491,
continuous,R2,0.0,ps_uip_psonly,1000,0.083,0.008724161850859944,0.927,0.008226238508577293,0.00910636620273911,0.1409644277847165,46.503060601827976,
continuous,R2,0.0,standard_uip,1000,0.136,0.010839926199010766,0.906,0.009228434320078352,0.06888554164590316,0.14434293188368996,300.0,
continuous,R2,0.4,no_borrowing,1000,0.877,0.010386096475577337,0.949,0.006956938982052382,-0.003963271662769048,0.1406222024354625,0.0,
continuous,R2,0.4,ps_power_prior,1000,0.934,0.007851369307324675,0.891,0.009854897259738428,0.024706353077013014,0.14598476529503024,76.54952961625966,
continuous,R2,0.4,ps_sam,1000,0.938,0.00762600813007697,0.94,0.007509993342207438,0.011460746798446867,0.13233317187345278,64.6676581931235,
continuous,R2,0.4,ps_uip_c,1000,0.907,0.009184280047995052,0.934,0.007851369307324675,-0.0033640281095522985,0.13660539758434068,38.26726376591688,
continuous,R2,0.4,ps_uip_psonly,1000,0.918,0.008676174272108645,0.931,0.008014923580421711,-0.001290570489031481,0.1340549259443199,46.29945059169663,
continuous,R2,0.4,standard_uip,1000,0.988,0.003443254274665176,0.92,0.008579044235810886,0.05965099580724633,0.13676353667438831,300.0,
continuous,S1,0.0,no_borrowing,1000,0.049,0.006826346021115542,0.941,0.007451107300260817,-0.0015003727191029734,0.1466650307638992,0.0,
continuous,S1,0.0,ps_power_prior,1000,0.0,0.0,0.199,0.012625331678811452,-0.35039614713269474,0.37073111153570065,100.0,
continuous,S1,0.0,ps_sam,1000,0.05,0.006892024376045111,0.939,0.007568289106528638,-0.0041883383229541086,0.15222569737239194,2.300211012197475,
continuous,S1,0.0,ps_uip_c,1000,0.048,0.006759881655768835,0.937,0.007683163410991592,-0.001153077194686236,0.1464704113962913,0.0035998593520490067,
continuous,S1,0.0,ps_uip_psonly,1000,0.049,0.006826346021115542,0.926,0.008277922444671728,-0.009121268324149669,0.15277344636976573,6.741002496352643,
continuous,S1,0.0,standard_uip,1000,0.0,0.0,0.014,0.003715373467095872,-0.4809037047843042,0.49510295116997,300.0,
continuous,S1,0.4,no_borrowing,1000,0.851,0.011260506205317771,0.947,0.007084560677981384,-0.00391846909651382,0.15200158066519476,0.0,
continuous,S1,0.4,ps_power_prior,1000,0.094,0.009228434320078352,0.202,0.012696298673235441,-0.35144537003460946,0.3731919193774627,100.0,
continuous,S1,0.4,ps_sam,1000,0.842,0.011534123287012326,0.937,0.007683163410991592,-0.006951847040943307,0.15723610182130984,2.320566314814807,
continuous,S1,0.4,ps_uip_c,1000,0.85,0.011291589790636216,0.938,0.00762600813007697,-0.0036153565989185594,0.1521330579572497,0.030245544076954563,
continuous,S1,0.4,ps_uip_psonly,1000,0.848,0.011353237423748348,0.913,0.008912407082264588,-0.01165072585094155,0.1582617340710188,6.316430103732935,
continuous,S1,0.4,standard_uip,1000,0.01,0.003146426544510455,0.024,0.004839834707921336,-0.48355892526787353,0.4987717516653549,300.0,
continuous,S2,0.0,no_borrowing,1000,0.043,0.006414904519944158,0.947,0.007084560677981384,-0.0003732756452742385,0.14288993455182578,0.0,
continuous,S2,0.0,ps_power_prior,1000,0.447,0.015722308990730335,0.61,0.01542400726140908,0.21267625873603258,0.3036194654356477,28.08802187463134,
continuous,S2,0.0,ps_sam,1000,0.085,0.008819013550278738,0.935,0.0077958322198467015,0.028254947996424962,0.15211730098765194,6.1193026655805465,
continuous,S2,0.0,ps_uip_c,1000,0.047,0.006692607862410586,0.946,0.0071473071852271785,0.0017374484723316384,0.14309719424764128,1.8351507736716748,
continuous,S2,0.0,ps_uip_psonly,1000,0.049,0.006826346021115542,0.945,0.007209368904418752,0.003745690814488502,0.14389553837763971,3.16485647401584,
continuous,S2,0.0,standard_uip,1000,0.714,0.014289996501049257,0.387,0.015402305022301045,0.3066546088679864,0.3356170560549524,300.0,
continuous,S2,0.4,no_borrowing,1000,0.875,0.010458250331675944,0.965,0.005811626278418119,0.000954489228792111,0.1424452098228699,0.0,
continuous,S2,0.4,ps_power_prior,1000,0.986,0.0037153734670958734,0.59,0.01555313473226539,0.22186611919320115,0.3082601051437173,28.424122869775537,
continuous,S2,0.4,ps_sam,1000,0.912,0.008958571314668425,0.935,0.0077958322198467015,0.032939947707302346,0.15268296819499677,6.191188823238726,
continuous,S2,0.4,ps_uip_c,1000,0.876,0.010422283818818216,0.955,0.00655553201502365,0.0026015574492173404,0.1427915116130548,1.6978974083933505,
continuous,S2,0.4,ps_uip_psonly,1000,0.878,0.010349685985574635,0.954,0.006624499981130654,0.005098599258360856,0.14265461410549937,3.136466504071394,
continuous,S2,0.4,standard_uip,1000,0.999,0.0009994998749374613,0.382,0.01536476488593301,0.3082596208911583,0.33866830897607414,300.0,
continuous,S3,0.0,no_borrowing,1000,0.051,0.00695693898205238,0.945,0.007209368904418752,-0.002305959536659841,0.14410220881139765,0.0,
continuous,S3,0.0,ps_power_prior,1000,0.855,0.011134406135937382,0.217,0.013034991369387246,0.3445332060864571,0.3650008113988632,100.0,
continuous,S3,0.0,ps_sam,1000,0.054,0.007147307185227175,0.948,0.007021111023192843,0.0012884266119859028,0.15017373384455074,2.707936515618972,
continuous,S3,0.0,ps_uip_c,1000,0.047,0.006692607862410586,0.946,0.0071473071852271785,-0.0019754757155626378,0.1436491654276583,0.15013602358078956,
continuous,S3,0.0,ps_uip_psonly,1000,0.073,0.008226238508577295,0.929,0.008121514637061239,0.005488588746886113,0.1500123252340321,6.0716835647751575,
continuous,S3,0.0,standard_uip,1000,0.988,0.003443254274665176,0.022,0.0046385342512479085,0.4759944567163999,0.49039775945170566,300.0,
continuous,S3,0.4,no_borrowing,1000,0.877,0.010386096475577337,0.953,0.00669260786241059,0.00048143055803770164,0.1422907240806436,0.0,
continuous,S3,0.4,ps_power_prior,1000,1.0,0.0,0.205,0.0127661662216971,0.3455976905140129,0.3652052650533619,100.0,
continuous,S3,0.4,ps_sam,1000,0.875,0.010458250331675944,0.948,0.007021111023192843,0.004709716998518622,0.14858712411243866,3.249678708929296,
continuous,S3,0.4,ps_uip_c,1000,0.868,0.010704017937204702,0.956,0.006485676526007139,0.0006701221948163685,0.14254862910140903,0.030555339324327056,
continuous,S3,0.4,ps_uip_psonly,1000,0.876,0.010422283818818216,0.937,0.007683163410991592,0.009104938702863444,0.14829539528926283,6.6842209967731065,
continuous,S3,0.4,standard_uip,1000,1.0,0.0,0.02,0.004427188724235731,0.474808978971561,0.48899451023274454,300.0,
